INSERT INTO users (user_id, name, Email, phoneNumber, role) VALUES
(1, 'Aarav Sharma', 'aarav.sharma@email.com', 9876543210, 'Admin'),
(2, 'Saanvi Verma', 'saanvi.verma@email.com', 8765432109, 'Volunteer'),
(3, 'Rohan Patel', 'rohan.patel@email.com', 7654321098, 'Manager'),
(4, 'Ishika Mehta', 'ishika.mehta@email.com', 6543210987, 'Donor'),
(5, 'Kabir Joshi', 'kabir.joshi@email.com', 5432109876, 'Volunteer'),
(6, 'Aditi Rao', 'aditi.rao@email.com', 4321098765, 'Admin'),
(7, 'Aryan Gupta', 'aryan.gupta@email.com', 3210987654, 'Manager'),
(8, 'Neha Iyer', 'neha.iyer@email.com', 2109876543, 'Donor'),
(9, 'Vikram Sen', 'vikram.sen@email.com', 1987654321, 'Volunteer'),
(10, 'Meera Kapoor', 'meera.kapoor@email.com', 9876512345, 'Admin'),
(11, 'Rajesh Kumar', 'rajesh.kumar@email.com', 8765432123, 'Volunteer'),
(12, 'Pooja Nair', 'pooja.nair@email.com', 7654321012, 'Donor'),
(13, 'Dev Singh', 'dev.singh@email.com', 6543210123, 'Manager'),
(14, 'Sneha Mishra', 'sneha.mishra@email.com', 5432101234, 'Volunteer'),
(15, 'Arjun Malhotra', 'arjun.malhotra@email.com', 4321012345, 'Donor'),
(16, 'Kiran Das', 'kiran.das@email.com', 3210123456, 'Admin'),
(17, 'Anjali Reddy', 'anjali.reddy@email.com', 2101234567, 'Manager'),
(18, 'Varun Chatterjee', 'varun.chatterjee@email.com', 1987123456, 'Volunteer'),
(19, 'Rhea Fernandes', 'rhea.fernandes@email.com', 9871234560, 'Donor'),
(20, 'Siddharth Nair', 'siddharth.nair@email.com', 8761345678, 'Volunteer'),
(21, 'Bhavya Joshi', 'bhavya.joshi@email.com', 7651456789, 'Admin'),
(22, 'Divya Rao', 'divya.rao@email.com', 6541567890, 'Manager'),
(23, 'Manoj Thakur', 'manoj.thakur@email.com', 5431678901, 'Volunteer'),
(24, 'Kavita Bansal', 'kavita.bansal@email.com', 4321789012, 'Donor'),
(25, 'Rahul Bose', 'rahul.bose@email.com', 3211890123, 'Volunteer'),
(26, 'Swati Khanna', 'swati.khanna@email.com', 2101901234, 'Admin'),
(27, 'Rajat Saxena', 'rajat.saxena@email.com', 1987012345, 'Manager'),
(28, 'Tanya Kapoor', 'tanya.kapoor@email.com', 9870123456, 'Donor'),
(29, 'Karthik Shetty', 'karthik.shetty@email.com', 8760234567, 'Volunteer'),
(30, 'Preeti Sharma', 'preeti.sharma@email.com', 7650345678, 'Admin'),
(31, 'Vishal Kumar', 'vishal.kumar@email.com', 6540456789, 'Manager'),
(32, 'Shweta Jain', 'shweta.jain@email.com', 5430567890, 'Donor'),
(33, 'Harsh Mehta', 'harsh.mehta@email.com', 4320678901, 'Volunteer'),
(34, 'Rina Das', 'rina.das@email.com', 3210789012, 'Admin'),
(35, 'Aakash Roy', 'aakash.roy@email.com', 2100890123, 'Manager'),
(36, 'Priya Nair', 'priya.nair@email.com', 1980901234, 'Volunteer'),
(37, 'Gaurav Sharma', 'gaurav.sharma@email.com', 9871012345, 'Donor'),
(38, 'Anurag Gupta', 'anurag.gupta@email.com', 8761123456, 'Volunteer'),
(39, 'Sonali Malhotra', 'sonali.malhotra@email.com', 7651234567, 'Admin'),
(40, 'Yash Thakur', 'yash.thakur@email.com', 6541345678, 'Manager'),
(41, 'Nisha Rao', 'nisha.rao@email.com', 5431456789, 'Volunteer'),
(42, 'Saurabh Sen', 'saurabh.sen@email.com', 4321567890, 'Donor'),
(43, 'Payal Iyer', 'payal.iyer@email.com', 3211678901, 'Volunteer'),
(44, 'Rajat Kapoor', 'rajat.kapoor@email.com', 2101789012, 'Admin'),
(45, 'Tanvi Joshi', 'tanvi.joshi@email.com', 1981890123, 'Manager'),
(46, 'Sameer Sharma', 'sameer.sharma@email.com', 9871901234, 'Donor'),
(47, 'Neelam Verma', 'neelam.verma@email.com', 8762012345, 'Volunteer'),
(48, 'Aman Patel', 'aman.patel@email.com', 7652123456, 'Admin'),
(49, 'Shruti Das', 'shruti.das@email.com', 6542234567, 'Manager'),
(50, 'Ravi Khanna', 'ravi.khanna@email.com', 5432345678, 'Donor');

INSERT INTO volunteer (volunteer_id, name, contact_information, skills, availability, assigned_projects) VALUES
(1, 'Aarav Sharma', 9876543210, 'Teaching', 'Weekends', 'Literacy Drive'),
(2, 'Saanvi Verma', 8765432109, 'Event Planning', 'Evenings', 'Fundraiser'),
(3, 'Rohan Patel', 7654321098, 'First Aid', 'Weekdays', 'Health Camp'),
(4, 'Ishika Mehta', 6543210987, 'Counseling', 'Weekends', 'Mental Health'),
(5, 'Kabir Joshi', 5432109876, 'Social Media', 'Flexible', 'Campaigns'),
(6, 'Aditi Rao', 4321098765, 'Graphic Design', 'Evenings', 'Awareness Posters'),
(7, 'Aryan Gupta', 3210987654, 'Fundraising', 'Weekends', 'Charity Events'),
(8, 'Neha Iyer', 2109876543, 'Teaching', 'Weekdays', 'Orphanage Support'),
(9, 'Vikram Sen', 1987654321, 'Photography', 'Flexible', 'Event Coverage'),
(10, 'Meera Kapoor', 9876512345, 'Public Speaking', 'Weekends', 'Motivational Talks'),
(11, 'Rajesh Kumar', 8765432123, 'Writing', 'Flexible', 'Newsletter'),
(12, 'Pooja Nair', 7654321012, 'Cooking', 'Weekends', 'Community Kitchen'),
(13, 'Dev Singh', 6543210123, 'Teaching', 'Weekdays', 'School Support'),
(14, 'Sneha Mishra', 5432101234, 'First Aid', 'Flexible', 'Health Workshop'),
(15, 'Arjun Malhotra', 4321012345, 'Event Planning', 'Evenings', 'Cultural Events'),
(16, 'Kiran Das', 3210123456, 'Social Media', 'Flexible', 'Online Awareness'),
(17, 'Anjali Reddy', 2101234567, 'Fundraising', 'Weekends', 'Disaster Relief'),
(18, 'Varun Chatterjee', 1987123456, 'Art & Crafts', 'Weekdays', 'Child Therapy'),
(19, 'Rhea Fernandes', 9871234560, 'Public Speaking', 'Flexible', 'Awareness Seminars'),
(20, 'Siddharth Nair', 8761345678, 'Graphic Design', 'Weekends', 'Social Media'),
(21, 'Bhavya Joshi', 7651456789, 'Teaching', 'Weekdays', 'Remote Learning'),
(22, 'Divya Rao', 6541567890, 'Counseling', 'Weekends', 'Youth Support'),
(23, 'Manoj Thakur', 5431678901, 'Photography', 'Flexible', 'Storytelling Project'),
(24, 'Kavita Bansal', 4321789012, 'Writing', 'Evenings', 'NGO Blog'),
(25, 'Rahul Bose', 3211890123, 'Event Planning', 'Weekends', 'Community Gathering'),
(26, 'Swati Khanna', 2101901234, 'Fundraising', 'Flexible', 'Charity Auction'),
(27, 'Rajat Saxena', 1987012345, 'Teaching', 'Weekdays', 'Evening Classes'),
(28, 'Tanya Kapoor', 9870123456, 'Cooking', 'Weekends', 'Shelter Support'),
(29, 'Karthik Shetty', 8760234567, 'First Aid', 'Weekdays', 'Medical Outreach'),
(30, 'Preeti Sharma', 7650345678, 'Graphic Design', 'Flexible', 'Awareness Posters'),
(31, 'Vishal Kumar', 6540456789, 'Public Speaking', 'Weekends', 'Motivation Talks'),
(32, 'Shweta Jain', 5430567890, 'Teaching', 'Weekdays', 'Orphanage Support'),
(33, 'Harsh Mehta', 4320678901, 'Counseling', 'Flexible', 'Mental Health'),
(34, 'Rina Das', 3210789012, 'Event Planning', 'Evenings', 'Charity Ball'),
(35, 'Aakash Roy', 2100890123, 'Social Media', 'Flexible', 'Online Campaign'),
(36, 'Priya Nair', 1980901234, 'Fundraising', 'Weekends', 'Emergency Relief'),
(37, 'Gaurav Sharma', 9871012345, 'Photography', 'Flexible', 'Storytelling'),
(38, 'Anurag Gupta', 8761123456, 'Cooking', 'Weekends', 'Soup Kitchen'),
(39, 'Sonali Malhotra', 7651234567, 'Writing', 'Flexible', 'NGO Newsletter'),
(40, 'Yash Thakur', 6541345678, 'Graphic Design', 'Weekdays', 'Awareness Posts'),
(41, 'Nisha Rao', 5431456789, 'Public Speaking', 'Flexible', 'Awareness Talks'),
(42, 'Saurabh Sen', 4321567890, 'Photography', 'Weekends', 'Community Stories'),
(43, 'Payal Iyer', 3211678901, 'Event Planning', 'Evenings', 'Cultural Event'),
(44, 'Rajat Kapoor', 2101789012, 'Counseling', 'Flexible', 'Youth Mental Health'),
(45, 'Tanvi Joshi', 1981890123, 'Teaching', 'Weekdays', 'Remote Education'),
(46, 'Sameer Sharma', 9871901234, 'Fundraising', 'Weekends', 'Donation Drive'),
(47, 'Neelam Verma', 8762012345, 'Social Media', 'Flexible', 'Online Campaign'),
(48, 'Aman Patel', 7652123456, 'Photography', 'Weekends', 'Documentary Project'),
(49, 'Shruti Das', 6542234567, 'Cooking', 'Flexible', 'Community Meals'),
(50, 'Ravi Khanna', 5432345678, 'Public Speaking', 'Weekdays', 'Inspiration Talks');

INSERT INTO donor (donor_id, name, contact_information, donation_history, preferred_cuses) VALUES
(1, 'Aarav Sharma', 9876543210, '?5000 - Monthly', 'Education, Healthcare'),
(2, 'Saanvi Verma', 8765432109, '?10,000 - One-time', 'Women Empowerment'),
(3, 'Rohan Patel', 7654321098, '?2000 - Quarterly', 'Animal Welfare'),
(4, 'Ishika Mehta', 6543210987, '?1500 - Monthly', 'Child Welfare'),
(5, 'Kabir Joshi', 5432109876, '?7500 - Annual', 'Disaster Relief'),
(6, 'Aditi Rao', 4321098765, '?1000 - One-time', 'Food & Nutrition'),
(7, 'Aryan Gupta', 3210987654, '?3000 - Monthly', 'Orphan Support'),
(8, 'Neha Iyer', 2109876543, '?500 - One-time', 'Mental Health Awareness'),
(9, 'Vikram Sen', 1987654321, '?2500 - Annual', 'Environmental Conservation'),
(10, 'Meera Kapoor', 9876512345, '?6000 - Monthly', 'Disability Support'),
(11, 'Rajesh Kumar', 8765432123, '?1200 - Quarterly', 'Senior Citizens'),
(12, 'Pooja Nair', 7654321012, '?7000 - Annual', 'Rural Development'),
(13, 'Dev Singh', 6543210123, '?1800 - Monthly', 'Sports for Youth'),
(14, 'Sneha Mishra', 5432101234, '?4500 - One-time', 'Arts & Culture'),
(15, 'Arjun Malhotra', 4321012345, '?2200 - Quarterly', 'Education'),
(16, 'Kiran Das', 3210123456, '?800 - Monthly', 'Women Empowerment'),
(17, 'Anjali Reddy', 2101234567, '?3500 - One-time', 'Animal Welfare'),
(18, 'Varun Chatter', 1987123456, '?9000 - Annual', 'Food & Nutrition'),
(19, 'Rhea Fernandes', 9871234560, '?2800 - Monthly', 'Mental Health'),
(20, 'Siddharth Nair', 8761345678, '?1500 - One-time', 'Disaster Relief'),
(21, 'Bhavya Joshi', 7651456789, '?3000 - Quarterly', 'Healthcare'),
(22, 'Divya Rao', 6541567890, '?4200 - Annual', 'Environmental Causes'),
(23, 'Manoj Thakur', 5431678901, '?5500 - One-time', 'Education'),
(24, 'Kavita Bansal', 4321789012, '?700 - Monthly', 'Orphanages'),
(25, 'Rahul Bose', 3211890123, '?8200 - Annual', 'Child Welfare'),
(26, 'Swati Khanna', 2101901234, '?2700 - One-time', 'Rural Development'),
(27, 'Rajat Saxena', 1987012345, '?5000 - Monthly', 'Mental Health Support'),
(28, 'Tanya Kapoor', 9870123456, '?6000 - Quarterly', 'Women Empowerment'),
(29, 'Karthik Shetty', 8760234567, '?1300 - Annual', 'Disaster Relief'),
(30, 'Preeti Sharma', 7650345678, '?2900 - Monthly', 'Animal Care'),
(31, 'Vishal Kumar', 6540456789, '?8000 - One-time', 'Education'),
(32, 'Shweta Jain', 5430567890, '?1700 - Monthly', 'Healthcare'),
(33, 'Harsh Mehta', 4320678901, '?3000 - Quarterly', 'Food & Nutrition'),
(34, 'Rina Das', 3210789012, '?4000 - Annual', 'Mental Health Awareness'),
(35, 'Aakash Roy', 2100890123, '?6500 - One-time', 'Disability Support'),
(36, 'Priya Nair', 1980901234, '?900 - Monthly', 'Environmental Conservation'),
(37, 'Gaurav Sharma', 9871012345, '?2200 - One-time', 'Child Protection'),
(38, 'Anurag Gupta', 8761123456, '?3300 - Monthly', 'Education'),
(39, 'Sonali Malhotra', 7651234567, '?7800 - Annual', 'Women Empowerment'),
(40, 'Yash Thakur', 6541345678, '?1100 - Monthly', 'Disaster Relief'),
(41, 'Nisha Rao', 5431456789, '?6200 - One-time', 'Healthcare'),
(42, 'Saurabh Sen', 4321567890, '?2500 - Quarterly', 'Mental Health'),
(43, 'Payal Iyer', 3211678901, '?7200 - Annual', 'Education'),
(44, 'Rajat Kapoor', 2101789012, '?3800 - One-time', 'Animal Welfare'),
(45, 'Tanvi Joshi', 1981890123, '?9000 - Annual', 'Food & Nutrition'),
(46, 'Sameer Sharma', 9871901234, '?4400 - Quarterly', 'Rural Development'),
(47, 'Neelam Verma', 8762012345, '?2700 - One-time', 'Orphanages'),
(48, 'Aman Patel', 7652123456, '?5500 - Monthly', 'Education'),
(49, 'Shruti Das', 6542234567, '?3200 - Quarterly', 'Healthcare'),
(50, 'Ravi Khanna', 5432345678, '?8500 - One-time', 'Child Welfare');

INSERT INTO beneficiary (beneficiary_id, name, contact_information, type_of_support_received, support_history) VALUES
(1, 'Amit Kumar', 9876543210, 'Education', '?5000 - Monthly'),
(2, 'Sita Verma', 8765432109, 'Healthcare', '?10,000 - One-time'),
(3, 'Rahul Das', 7654321098, 'Food Assistance', '?2000 - Quarterly'),
(4, 'Meera Nair', 6543210987, 'Orphan Support', '?1500 - Monthly'),
(5, 'Suresh Joshi', 5432109876, 'Disaster Relief', '?7500 - Annual'),
(6, 'Priya Singh', 4321098765, 'Employment Training', '?1000 - One-time'),
(7, 'Arjun Patel', 3210987654, 'Mental Health', '?3000 - Monthly'),
(8, 'Neha Reddy', 2109876543, 'Child Welfare', '?500 - One-time'),
(9, 'Vikram Rao', 1987654321, 'Environmental Aid', '?2500 - Annual'),
(10, 'Tina Kapoor', 9876512345, 'Disability Support', '?6000 - Monthly'),
(11, 'Ramesh Kumar', 8765432123, 'Housing Assistance', '?1200 - Quarterly'),
(12, 'Ananya Iyer', 7654321012, 'Healthcare', '?7000 - Annual'),
(13, 'Karthik Thakur', 6543210123, 'Education', '?1800 - Monthly'),
(14, 'Sneha Malhotra', 5432101234, 'Arts & Culture', '?4500 - One-time'),
(15, 'Pooja Joshi', 4321012345, 'Women Empowerment', '?2200 - Quarterly'),
(16, 'Ravi Sharma', 3210123456, 'Senior Citizen Aid', '?800 - Monthly'),
(17, 'Divya Khanna', 2101234567, 'Food Assistance', '?3500 - One-time'),
(18, 'Vikash Sen', 1987123456, 'Animal Welfare', '?9000 - Annual'),
(19, 'Rhea Mehta', 9871234560, 'Orphanage Support', '?2800 - Monthly'),
(20, 'Siddharth Das', 8761345678, 'Education', '?1500 - One-time'),
(21, 'Bhavya Singh', 7651456789, 'Healthcare', '?3000 - Quarterly'),
(22, 'Aditi Rao', 6541567890, 'Disaster Relief', '?4200 - Annual'),
(23, 'Manoj Iyer', 5431678901, 'Mental Health', '?5500 - One-time'),
(24, 'Kavita Das', 4321789012, 'Women Empowerment', '?700 - Monthly'),
(25, 'Rahul Bose', 3211890123, 'Senior Citizen Aid', '?8200 - Annual'),
(26, 'Swati Kapoor', 2101901234, 'Rural Development', '?2700 - One-time'),
(27, 'Rajat Saxena', 1987012345, 'Disability Support', '?5000 - Monthly'),
(28, 'Tanya Verma', 9870123456, 'Food Assistance', '?6000 - Quarterly'),
(29, 'Karthik Shetty', 8760234567, 'Housing Assistance', '?1300 - Annual'),
(30, 'Preeti Sharma', 7650345678, 'Employment Training', '?2900 - Monthly'),
(31, 'Vishal Kumar', 6540456789, 'Animal Welfare', '?8000 - One-time'),
(32, 'Shweta Jain', 5430567890, 'Orphanage Support', '?1700 - Monthly'),
(33, 'Harsh Mehta', 4320678901, 'Education', '?3000 - Quarterly'),
(34, 'Rina Das', 3210789012, 'Healthcare', '?4000 - Annual'),
(35, 'Aakash Roy', 2100890123, 'Women Empowerment', '?6500 - One-time'),
(36, 'Priya Nair', 1980901234, 'Senior Citizen Aid', '?900 - Monthly'),
(37, 'Gaurav Sharma', 9871012345, 'Disaster Relief', '?2200 - One-time'),
(38, 'Anurag Gupta', 8761123456, 'Food Assistance', '?3300 - Monthly'),
(39, 'Sonali Malhotra', 7651234567, 'Mental Health', '?7800 - Annual'),
(40, 'Yash Thakur', 6541345678, 'Orphanage Support', '?1100 - Monthly'),
(41, 'Nisha Rao', 5431456789, 'Animal Welfare', '?6200 - One-time'),
(42, 'Saurabh Sen', 4321567890, 'Employment Training', '?2500 - Quarterly'),
(43, 'Payal Iyer', 3211678901, 'Education', '?7200 - Annual'),
(44, 'Rajat Kapoor', 2101789012, 'Housing Assistance', '?3800 - One-time'),
(45, 'Tanvi Joshi', 1981890123, 'Healthcare', '?9000 - Annual'),
(46, 'Sameer Sharma', 9871901234, 'Disability Support', '?4400 - Quarterly'),
(47, 'Neelam Verma', 8762012345, 'Rural Development', '?2700 - One-time'),
(48, 'Aman Patel', 7652123456, 'Women Empowerment', '?5500 - Monthly'),
(49, 'Shruti Das', 6542234567, 'Mental Health', '?3200 - Quarterly'),
(50, 'Ravi Khanna', 5432345678, 'Senior Citizen Aid', '?8500 - One-time');

INSERT INTO donation (donation_id, donor_id, amount, Date_, payment_method, purpose) VALUES
(1, 1, 5000, '2024-01-15', 'Credit Card', 'Education Support'),
(2, 2, 10000, '2024-02-10', 'UPI', 'Healthcare Assistance'),
(3, 3, 2500, '2024-02-25', 'Bank Transfer', 'Food Relief'),
(4, 4, 7000, '2024-03-05', 'Credit Card', 'Orphanage Support'),
(5, 5, 15000, '2024-03-20', 'PayPal', 'Disaster Relief'),
(6, 6, 2000, '2024-04-01', 'Debit Card', 'Employment Training'),
(7, 7, 3000, '2024-04-10', 'UPI', 'Women Empowerment'),
(8, 8, 8000, '2024-05-15', 'Bank Transfer', 'Environmental Protection'),
(9, 9, 4000, '2024-05-25', 'Credit Card', 'Senior Citizen Support'),
(10, 10, 500, '2024-06-05', 'UPI', 'Animal Welfare'),
(11, 11, 3200, '2024-06-15', 'Debit Card', 'Rural Development'),
(12, 12, 5400, '2024-06-20', 'PayPal', 'Orphanage Support'),
(13, 13, 7600, '2024-07-01', 'Bank Transfer', 'Mental Health Programs'),
(14, 14, 4200, '2024-07-10', 'UPI', 'Disaster Relief'),
(15, 15, 2500, '2024-07-20', 'Credit Card', 'Food Assistance'),
(16, 16, 1500, '2024-08-01', 'UPI', 'Education Support'),
(17, 17, 9000, '2024-08-10', 'Bank Transfer', 'Healthcare Assistance'),
(18, 18, 1800, '2024-08-25', 'Debit Card', 'Animal Welfare'),
(19, 19, 20000, '2024-09-05', 'UPI', 'Disability Support'),
(20, 20, 3700, '2024-09-15', 'PayPal', 'Women Empowerment'),
(21, 21, 2700, '2024-09-25', 'Bank Transfer', 'Employment Training'),
(22, 22, 5000, '2024-10-05', 'Credit Card', 'Rural Development'),
(23, 23, 7200, '2024-10-15', 'UPI', 'Disaster Relief'),
(24, 24, 3300, '2024-10-25', 'Debit Card', 'Mental Health Awareness'),
(25, 25, 6600, '2024-11-05', 'Bank Transfer', 'Food Assistance'),
(26, 26, 1400, '2024-11-15', 'UPI', 'Education Support'),
(27, 27, 2300, '2024-11-20', 'Credit Card', 'Senior Citizen Aid'),
(28, 28, 2800, '2024-12-01', 'PayPal', 'Orphanage Support'),
(29, 29, 4500, '2024-12-10', 'Debit Card', 'Women Empowerment'),
(30, 30, 5300, '2024-12-20', 'Bank Transfer', 'Environmental Protection'),
(31, 31, 1200, '2025-01-05', 'UPI', 'Mental Health Awareness'),
(32, 32, 6700, '2025-01-15', 'Credit Card', 'Healthcare Assistance'),
(33, 33, 8900, '2025-01-25', 'Debit Card', 'Food Assistance'),
(34, 34, 4100, '2025-02-05', 'Bank Transfer', 'Disaster Relief'),
(35, 35, 5400, '2025-02-10', 'PayPal', 'Animal Welfare'),
(36, 36, 6200, '2025-02-25', 'UPI', 'Rural Development'),
(37, 37, 7200, '2025-03-05', 'Credit Card', 'Employment Training'),
(38, 38, 9000, '2025-03-15', 'Bank Transfer', 'Disability Support'),
(39, 39, 3500, '2025-03-20', 'Debit Card', 'Senior Citizen Aid'),
(40, 40, 4900, '2025-04-01', 'UPI', 'Education Support'),
(41, 41, 3000, '2025-04-10', 'PayPal', 'Food Assistance'),
(42, 42, 1300, '2025-04-20', 'Bank Transfer', 'Healthcare Assistance'),
(43, 43, 5100, '2025-05-01', 'UPI', 'Disaster Relief'),
(44, 44, 7700, '2025-05-10', 'Credit Card', 'Orphanage Support'),
(45, 45, 6200, '2025-05-20', 'Debit Card', 'Mental Health Awareness'),
(46, 46, 2500, '2025-06-01', 'Bank Transfer', 'Animal Welfare'),
(47, 47, 8700, '2025-06-10', 'UPI', 'Rural Development'),
(48, 48, 4300, '2025-06-20', 'PayPal', 'Employment Training'),
(49, 49, 5600, '2025-07-01', 'Bank Transfer', 'Women Empowerment'),
(50, 50, 9200, '2025-07-10', 'Credit Card', 'Disability Support');

select * from donation;

INSERT INTO expense (expense_id, project_id, amount, date_, category, paid_by) VALUES
(1, 1, 5000, '2024-01-10', 'Supplies', 'NGO Funds'),
(2, 2, 7000, '2024-01-12', 'Logistics', 'Project Manager'),
(3, 3, 4500, '2024-01-20', 'Marketing', 'Donor Support'),
(4, 4, 12000, '2024-01-25', 'Equipment', 'NGO Funds'),
(5, 5, 8000, '2024-02-01', 'Salaries', 'Corporate Sponsor'),
(6, 6, 3500, '2024-02-05', 'Transport', 'Volunteer Donations'),
(7, 7, 9000, '2024-02-15', 'Supplies', 'NGO Funds'),
(8, 8, 6700, '2024-02-20', 'Utilities', 'Project Manager'),
(9, 9, 5000, '2024-03-01', 'Rent', 'Donor Support'),
(10, 10, 3000, '2024-03-10', 'Marketing', 'NGO Funds'),
(11, 11, 4200, '2024-03-15', 'Healthcare', 'Corporate Sponsor'),
(12, 12, 6800, '2024-03-20', 'Education', 'Volunteer Donations'),
(13, 13, 12000, '2024-04-01', 'Logistics', 'NGO Funds'),
(14, 14, 7200, '2024-04-05', 'Food', 'Project Manager'),
(15, 15, 5500, '2024-04-15', 'Salaries', 'Donor Support'),
(16, 16, 3000, '2024-04-20', 'Equipment', 'Corporate Sponsor'),
(17, 17, 4800, '2024-05-01', 'Utilities', 'NGO Funds'),
(18, 18, 9100, '2024-05-10', 'Healthcare', 'Project Manager'),
(19, 19, 6700, '2024-05-15', 'Rent', 'Volunteer Donations'),
(20, 20, 3800, '2024-05-20', 'Food', 'NGO Funds'),
(21, 21, 7500, '2024-06-01', 'Education', 'Corporate Sponsor'),
(22, 22, 6200, '2024-06-05', 'Transport', 'Donor Support'),
(23, 23, 8000, '2024-06-15', 'Logistics', 'NGO Funds'),
(24, 24, 5600, '2024-06-20', 'Marketing', 'Project Manager'),
(25, 25, 9900, '2024-07-01', 'Healthcare', 'Volunteer Donations'),
(26, 26, 3000, '2024-07-05', 'Salaries', 'Corporate Sponsor'),
(27, 27, 8700, '2024-07-10', 'Rent', 'NGO Funds'),
(28, 28, 4100, '2024-07-15', 'Supplies', 'Donor Support'),
(29, 29, 6200, '2024-07-20', 'Utilities', 'Project Manager'),
(30, 30, 5200, '2024-08-01', 'Food', 'Volunteer Donations'),
(31, 31, 7100, '2024-08-05', 'Education', 'NGO Funds'),
(32, 32, 4800, '2024-08-10', 'Transport', 'Corporate Sponsor'),
(33, 33, 8500, '2024-08-15', 'Logistics', 'Donor Support'),
(34, 34, 7300, '2024-08-20', 'Marketing', 'NGO Funds'),
(35, 35, 9500, '2024-09-01', 'Healthcare', 'Project Manager'),
(36, 36, 4600, '2024-09-05', 'Salaries', 'Volunteer Donations'),
(37, 37, 9100, '2024-09-10', 'Rent', 'Corporate Sponsor'),
(38, 38, 6400, '2024-09-15', 'Food', 'Donor Support'),
(39, 39, 5200, '2024-09-20', 'Education', 'NGO Funds'),
(40, 40, 8600, '2024-10-01', 'Supplies', 'Project Manager'),
(41, 41, 3800, '2024-10-05', 'Utilities', 'Volunteer Donations'),
(42, 42, 6900, '2024-10-10', 'Marketing', 'Corporate Sponsor'),
(43, 43, 7500, '2024-10-15', 'Healthcare', 'Donor Support'),
(44, 44, 4200, '2024-10-20', 'Logistics', 'NGO Funds'),
(45, 45, 9700, '2024-11-01', 'Transport', 'Project Manager'),
(46, 46, 5200, '2024-11-05', 'Salaries', 'Volunteer Donations'),
(47, 47, 6400, '2024-11-10', 'Rent', 'Corporate Sponsor'),
(48, 48, 8100, '2024-11-15', 'Food', 'Donor Support'),
(49, 49, 4500, '2024-11-20', 'Education', 'NGO Funds'),
(50, 50, 9900, '2024-12-01', 'Supplies', 'Project Manager');

select * from expense;



INSERT INTO project (project_id, name, description, start_date, end_date, budget, assigned_volunteer) VALUES
(1, 'Tech Education', 'Coding for kids', '2024-01-01', '2024-06-30', 50000, 'Amit Sharma'),
(2, 'Community Center', 'Infrastructure work', '2024-02-15', '2024-07-15', 75000, 'Priya Singh'),
(3, 'Awareness Drive', 'Health awareness', '2024-03-01', '2024-05-30', 30000, 'Rahul Mehta'),
(4, 'Training Workshop', 'Skill development', '2024-01-10', '2024-04-10', 40000, 'Neha Agarwal'),
(5, 'School Initiative', 'Education support', '2024-02-20', '2024-09-20', 60000, 'Vikram Patel'),
(6, 'Education Drive', 'Basic literacy', '2024-04-01', '2024-10-01', 45000, 'Rohan Gupta'),
(7, 'Health Camp', 'Free check-ups', '2024-05-10', '2024-05-20', 20000, 'Sanya Kapoor'),
(8, 'Emergency Response', 'Disaster aid', '2024-06-15', '2024-07-30', 55000, 'Anil Kumar'),
(9, 'Media Coverage', 'Video documentation', '2024-07-01', '2024-09-30', 35000, 'Sneha Iyer'),
(10, 'Event Management', 'Charity events', '2024-08-05', '2024-11-05', 65000, 'Arjun Verma'),
(11, 'Campaign Awareness', 'Public outreach', '2024-09-01', '2025-01-31', 50000, 'Manish Reddy'),
(12, 'Library Setup', 'Book donation', '2024-10-15', '2025-03-15', 40000, 'Sunita Sharma'),
(13, 'Student Support', 'Scholarships', '2024-11-01', '2025-04-01', 70000, 'Deepak Joshi'),
(14, 'Health Initiative', 'Sanitation drive', '2024-12-05', '2025-06-05', 60000, 'Meera Nair'),
(15, 'Relief Program', 'Food & shelter', '2025-01-10', '2025-06-30', 75000, 'Siddharth Rao'),
(16, 'E-Learning', 'Digital education', '2025-02-01', '2025-08-01', 55000, 'Ananya Sharma'),
(17, 'Seminar Events', 'Educational talks', '2025-03-05', '2025-07-05', 45000, 'Harish Yadav'),
(18, 'Hygiene Drive', 'Sanitation kits', '2025-04-10', '2025-08-10', 30000, 'Pooja Menon'),
(19, 'IT Training', 'Technical skills', '2025-05-01', '2025-10-01', 70000, 'Akash Choudhary'),
(20, 'Rural Electrification', 'Solar power', '2025-06-20', '2025-12-20', 80000, 'Rajeev Nanda'),
(21, 'Mental Health Support', 'Counseling', '2025-07-01', '2025-12-01', 50000, 'Divya Kapoor'),
(22, 'Construction Support', 'Housing project', '2025-08-15', '2026-02-15', 90000, 'Ramesh Bhatt'),
(23, 'Agricultural Program', 'Farming skills', '2025-09-10', '2026-03-10', 75000, 'Lakshmi Devi'),
(24, 'Disability Aid', 'Support services', '2025-10-05', '2026-04-05', 65000, 'Ajay Chauhan'),
(25, 'Emergency Shelter', 'Temporary homes', '2025-11-01', '2026-05-01', 95000, 'Santosh Pillai'),
(26, 'Winter Support', 'Blanket drive', '2025-12-15', '2026-03-15', 40000, 'Shweta Nair'),
(27, 'Field Operations', 'Logistics support', '2026-01-05', '2026-06-05', 50000, 'Nitin Rawat'),
(28, 'Orphanage Support', 'Child welfare', '2026-02-10', '2026-07-10', 55000, 'Suresh Yadav'),
(29, 'Food Distribution', 'Hunger relief', '2026-03-15', '2026-08-15', 80000, 'Priyanka Jain'),
(30, 'Homeless Shelter', 'Housing project', '2026-04-01', '2026-10-01', 95000, 'Varun Mishra'),
(31, 'Youth Development', 'Sports coaching', '2026-05-10', '2026-11-10', 60000, 'Ravi Kumar'),
(32, 'Women Empowerment', 'Skill training', '2026-06-01', '2026-12-01', 75000, 'Poonam Rathi'),
(33, 'Science Workshop', 'STEM training', '2026-07-15', '2027-01-15', 50000, 'Karan Bhatia'),
(34, 'Tech Conference', 'Industry talks', '2026-08-01', '2027-02-01', 85000, 'Sakshi Desai'),
(35, 'Digital Learning', 'Online courses', '2026-09-05', '2027-03-05', 70000, 'Tarun Mehta'),
(36, 'Green Initiative', 'Tree plantation', '2026-10-10', '2027-04-10', 50000, 'Neelima Singh'),
(37, 'Blood Donation Drive', 'Health campaign', '2026-11-01', '2027-05-01', 40000, 'Sameer Khanna'),
(38, 'Child Literacy', 'Basic education', '2026-12-05', '2027-06-05', 60000, 'Mahesh Verma'),
(39, 'Scholarship Fund', 'Higher studies', '2027-01-10', '2027-07-10', 70000, 'Bhavna Kaur'),
(40, 'Mental Health Initiative', 'Therapy support', '2027-02-20', '2027-08-20', 55000, 'Himanshu Sinha'),
(41, 'Sports Development', 'Youth training', '2027-03-01', '2027-09-01', 75000, 'Nidhi Chauhan'),
(42, 'Cultural Preservation', 'Heritage programs', '2027-04-15', '2027-10-15', 60000, 'Rajesh Solanki'),
(43, 'Rehabilitation Program', 'Addiction recovery', '2027-05-10', '2027-11-10', 85000, 'Geeta Rao'),
(44, 'Senior Citizen Care', 'Elderly support', '2027-06-05', '2027-12-05', 70000, 'Harpreet Singh'),
(45, 'Animal Welfare', 'Pet rescue', '2027-07-01', '2028-01-01', 55000, 'Yashwant Iyer'),
(46, 'Environmental Cleanup', 'Waste management', '2027-08-10', '2028-02-10', 60000, 'Sarita Pandey'),
(47, 'Disaster Relief', 'Emergency aid', '2027-09-15', '2028-03-15', 90000, 'Anupam Das'),
(48, 'Entrepreneurship Program', 'Business training', '2027-10-01', '2028-04-01', 80000, 'Tanvi Bansal'),
(49, 'Handicraft Training', 'Arts & crafts', '2027-11-10', '2028-05-10', 45000, 'Vikram Sethi'),
(50, 'Hunger Relief', 'Food distribution', '2027-12-01', '2028-06-01', 95000, 'Kavita Rao');

select * from project;

INSERT INTO campaign (campaign_id, name, goal, start_date, end_date, target_audience, associated_project) VALUES
(1, 'Green Earth', 'Tree Plantation', '2024-01-10', '2024-02-10', 'General Public', 'Green Initiative'),
(2, 'Digital Future', 'Coding Workshops', '2024-02-15', '2024-04-15', 'Students', 'Tech Education'),
(3, 'Health First', 'Free Health Checkups', '2024-03-01', '2024-05-01', 'Rural Areas', 'Health Camp'),
(4, 'Clean Water', 'Sanitation Awareness', '2024-04-10', '2024-06-10', 'Villagers', 'Hygiene Drive'),
(5, 'Women Empower', 'Skill Development', '2024-05-05', '2024-07-05', 'Women', 'Women Empowerment'),
(6, 'E-Learning', 'Digital Education', '2024-06-01', '2024-08-01', 'Students', 'Digital Learning'),
(7, 'Mental Health', 'Awareness Drive', '2024-07-15', '2024-09-15', 'Young Adults', 'Mental Health Support'),
(8, 'Blood Donors', 'Blood Donation Drive', '2024-08-01', '2024-10-01', 'General Public', 'Blood Donation Drive'),
(9, 'Healthy Kids', 'Nutritional Awareness', '2024-09-10', '2024-11-10', 'Children', 'Child Literacy'),
(10, 'Disaster Aid', 'Emergency Relief', '2024-10-01', '2024-12-01', 'Affected Areas', 'Disaster Relief'),
(11, 'Tech for All', 'Laptop Donations', '2024-11-05', '2025-01-05', 'Underprivileged', 'E-Learning'),
(12, 'Go Solar', 'Renewable Energy', '2024-12-01', '2025-02-01', 'Homeowners', 'Rural Electrification'),
(13, 'Library Setup', 'Book Collection', '2025-01-10', '2025-03-10', 'Students', 'Library Setup'),
(14, 'Orphan Care', 'Support for Orphans', '2025-02-05', '2025-04-05', 'Orphans', 'Orphanage Support'),
(15, 'Education Fund', 'Scholarships', '2025-03-01', '2025-05-01', 'Students', 'Scholarship Fund'),
(16, 'Senior Support', 'Elderly Care', '2025-04-15', '2025-06-15', 'Senior Citizens', 'Senior Citizen Care'),
(17, 'Feeding Hope', 'Food Distribution', '2025-05-01', '2025-07-01', 'Homeless', 'Food Distribution'),
(18, 'Clothes Drive', 'Winter Support', '2025-06-10', '2025-08-10', 'Poor Families', 'Winter Support'),
(19, 'Clean Streets', 'Waste Management', '2025-07-01', '2025-09-01', 'Urban Residents', 'Environmental Cleanup'),
(20, 'Science Future', 'STEM Training', '2025-08-10', '2025-10-10', 'Students', 'Science Workshop'),
(21, 'Disability Aid', 'Mobility Support', '2025-09-05', '2025-11-05', 'Disabled People', 'Disability Aid'),
(22, 'Startup Guide', 'Entrepreneurship', '2025-10-01', '2025-12-01', 'Aspiring Entrepreneurs', 'Entrepreneurship Program'),
(23, 'Homeless Shelter', 'Temporary Housing', '2025-11-15', '2026-01-15', 'Homeless', 'Homeless Shelter'),
(24, 'Vaccination Drive', 'Health Safety', '2025-12-05', '2026-02-05', 'General Public', 'Health Initiative'),
(25, 'Women Safety', 'Self-Defense Training', '2026-01-10', '2026-03-10', 'Women', 'Women Empowerment'),
(26, 'Plastic Free', 'Reduce Plastic Use', '2026-02-01', '2026-04-01', 'General Public', 'Environmental Cleanup'),
(27, 'Arts & Crafts', 'Handicraft Training', '2026-03-10', '2026-05-10', 'Women & Youth', 'Handicraft Training'),
(28, 'Save Birds', 'Animal Welfare', '2026-04-01', '2026-06-01', 'General Public', 'Animal Welfare'),
(29, 'Coding Camp', 'IT Training', '2026-05-15', '2026-07-15', 'Students', 'IT Training'),
(30, 'Safe Drinking', 'Water Purification', '2026-06-10', '2026-08-10', 'Villagers', 'Clean Water'),
(31, 'Save Culture', 'Heritage Awareness', '2026-07-01', '2026-09-01', 'Communities', 'Cultural Preservation'),
(32, 'Anti-Drug', 'Rehab Awareness', '2026-08-05', '2026-10-05', 'Teens', 'Rehabilitation Program'),
(33, 'Fitness First', 'Exercise Awareness', '2026-09-01', '2026-11-01', 'General Public', 'Mental Health Initiative'),
(34, 'Solar Schools', 'Solar Panels', '2026-10-10', '2026-12-10', 'Schools', 'Rural Electrification'),
(35, 'Blood Bank', 'Blood Donations', '2026-11-01', '2027-01-01', 'General Public', 'Blood Donation Drive'),
(36, 'Child Protection', 'Safety Awareness', '2026-12-05', '2027-02-05', 'Parents & Kids', 'Child Literacy'),
(37, 'Youth Leadership', 'Leadership Training', '2027-01-10', '2027-03-10', 'Young Adults', 'Youth Development'),
(38, 'IT Awareness', 'Cyber Safety', '2027-02-01', '2027-04-01', 'Teenagers', 'Digital Learning'),
(39, 'Eco Warriors', 'Environment Protection', '2027-03-10', '2027-05-10', 'General Public', 'Green Initiative'),
(40, 'Support Farmers', 'Agricultural Training', '2027-04-01', '2027-06-01', 'Farmers', 'Agricultural Program'),
(41, 'Animal Rescue', 'Adoption Drive', '2027-05-15', '2027-07-15', 'Animal Lovers', 'Animal Welfare'),
(42, 'Fire Safety', 'Fire Prevention', '2027-06-10', '2027-08-10', 'Communities', 'Disaster Relief'),
(43, 'Stop Hunger', 'Food for All', '2027-07-01', '2027-09-01', 'Poor Families', 'Hunger Relief'),
(44, 'Better Roads', 'Infrastructure Support', '2027-08-05', '2027-10-05', 'Villagers', 'Construction Support'),
(45, 'Life Skills', 'Personal Development', '2027-09-01', '2027-11-01', 'Young Adults', 'Youth Development'),
(46, 'Disaster Prepared', 'Rescue Training', '2027-10-10', '2027-12-10', 'General Public', 'Disaster Relief'),
(47, 'Stop Child Labor', 'Education Promotion', '2027-11-01', '2028-01-01', 'Underprivileged', 'Student Support'),
(48, 'Mental Wellness', 'Counseling Support', '2027-12-05', '2028-02-05', 'Teens & Adults', 'Mental Health Support'),
(49, 'Healthy Society', 'Public Health', '2028-01-10', '2028-03-10', 'General Public', 'Health Initiative'),
(50, 'Bright Future', 'School Fundraising', '2028-02-01', '2028-04-01', 'Students', 'Scholarship Fund');

select * from campaign;

INSERT INTO event (event_id, name, date_, location, purpose, associated_campaign) VALUES
(1, 'Tree Planting', '2024-01-15', 'City Park', 'Awareness', 'Green Earth'),
(2, 'Tech Workshop', '2024-02-20', 'Tech Hub', 'Education', 'Digital Future'),
(3, 'Free Health Camp', '2024-03-05', 'Community Hall', 'Health Check', 'Health First'),
(4, 'Sanitation Drive', '2024-04-10', 'Village Center', 'Hygiene', 'Clean Water'),
(5, 'Women Skills Meet', '2024-05-08', 'Training Center', 'Empowerment', 'Women Empower'),
(6, 'E-Learning Seminar', '2024-06-02', 'City Library', 'Education', 'E-Learning'),
(7, 'Mental Health Talk', '2024-07-18', 'University Hall', 'Awareness', 'Mental Health'),
(8, 'Blood Donation Camp', '2024-08-05', 'Red Cross Center', 'Health Support', 'Blood Donors'),
(9, 'Nutrition Awareness', '2024-09-12', 'Local School', 'Health', 'Healthy Kids'),
(10, 'Disaster Relief Drive', '2024-10-07', 'Flood Area', 'Relief', 'Disaster Aid'),
(11, 'Laptop Distribution', '2024-11-10', 'College Hall', 'Education', 'Tech for All'),
(12, 'Solar Awareness Camp', '2024-12-01', 'Village School', 'Sustainability', 'Go Solar'),
(13, 'Book Donation Event', '2025-01-15', 'Public Library', 'Education', 'Library Setup'),
(14, 'Orphanage Visit', '2025-02-20', 'Orphanage Home', 'Support', 'Orphan Care'),
(15, 'Scholarship Fair', '2025-03-10', 'Convention Center', 'Education', 'Education Fund'),
(16, 'Senior Citizen Care', '2025-04-05', 'Old Age Home', 'Care', 'Senior Support'),
(17, 'Food Distribution', '2025-05-15', 'Slum Area', 'Charity', 'Feeding Hope'),
(18, 'Winter Clothes Drive', '2025-06-08', 'Community Hall', 'Support', 'Clothes Drive'),
(19, 'Waste Cleanup', '2025-07-05', 'City Streets', 'Hygiene', 'Clean Streets'),
(20, 'STEM Fair', '2025-08-10', 'Science Center', 'Education', 'Science Future'),
(21, 'Disability Support Camp', '2025-09-07', 'Rehab Center', 'Aid', 'Disability Aid'),
(22, 'Startup Conference', '2025-10-15', 'Business Park', 'Entrepreneurship', 'Startup Guide'),
(23, 'Homeless Aid', '2025-11-12', 'Shelter Home', 'Support', 'Homeless Shelter'),
(24, 'Vaccination Drive', '2025-12-05', 'Community Clinic', 'Health', 'Vaccination Drive'),
(25, 'Self-Defense Workshop', '2026-01-10', 'City Gym', 'Safety', 'Women Safety'),
(26, 'Plastic-Free City', '2026-02-01', 'City Center', 'Awareness', 'Plastic Free'),
(27, 'Handicraft Exhibition', '2026-03-12', 'Art Center', 'Skill Promotion', 'Arts & Crafts'),
(28, 'Save Birds Campaign', '2026-04-07', 'Nature Park', 'Animal Welfare', 'Save Birds'),
(29, 'Coding Bootcamp', '2026-05-18', 'Tech Park', 'Education', 'Coding Camp'),
(30, 'Water Purification Demo', '2026-06-10', 'Village Center', 'Clean Water', 'Safe Drinking'),
(31, 'Cultural Festival', '2026-07-05', 'Heritage Site', 'Preservation', 'Save Culture'),
(32, 'Rehab Awareness Walk', '2026-08-02', 'City Park', 'Awareness', 'Anti-Drug'),
(33, 'Public Fitness Drive', '2026-09-08', 'Community Ground', 'Health', 'Fitness First'),
(34, 'Solar Panel Installation', '2026-10-12', 'Rural Schools', 'Renewable Energy', 'Solar Schools'),
(35, 'Emergency Blood Donation', '2026-11-05', 'Hospital', 'Health', 'Blood Bank'),
(36, 'Child Safety Seminar', '2026-12-09', 'School Auditorium', 'Awareness', 'Child Protection'),
(37, 'Leadership Training', '2027-01-14', 'Youth Center', 'Development', 'Youth Leadership'),
(38, 'Cyber Safety Seminar', '2027-02-03', 'IT College', 'Awareness', 'IT Awareness'),
(39, 'Environment Rally', '2027-03-15', 'City Square', 'Eco Awareness', 'Eco Warriors'),
(40, 'Farmer Training Workshop', '2027-04-05', 'Agricultural College', 'Support', 'Support Farmers'),
(41, 'Animal Adoption Event', '2027-05-10', 'Rescue Shelter', 'Adoption', 'Animal Rescue'),
(42, 'Fire Prevention Demo', '2027-06-12', 'Fire Station', 'Safety', 'Fire Safety'),
(43, 'Food Bank Setup', '2027-07-07', 'Slum Area', 'Charity', 'Stop Hunger'),
(44, 'Village Road Improvement', '2027-08-09', 'Rural Village', 'Infrastructure', 'Better Roads'),
(45, 'Youth Motivation Seminar', '2027-09-12', 'City Auditorium', 'Personal Growth', 'Life Skills'),
(46, 'Rescue Training Camp', '2027-10-15', 'Disaster Zone', 'Safety', 'Disaster Prepared'),
(47, 'Anti-Child Labor Drive', '2027-11-20', 'Industrial Area', 'Awareness', 'Stop Child Labor'),
(48, 'Counseling Sessions', '2027-12-07', 'Psychology Center', 'Mental Health', 'Mental Wellness'),
(49, 'Public Health Seminar', '2028-01-10', 'Community Hall', 'Well-being', 'Healthy Society'),
(50, 'School Fundraiser', '2028-02-05', 'Town Square', 'Education', 'Bright Future');

select * from event;

INSERT INTO report (report_id, title, date_, associated_project, summary, prepared_by) VALUES
(1, 'Health Camp Report', '2024-01-10', 'Health First', 'Success', 'Dr. Meera Singh'),
(2, 'Tree Plantation Review', '2024-02-15', 'Green Earth', 'Impactful', 'Rajesh Verma'),
(3, 'Tech Workshop Outcome', '2024-03-05', 'Digital Future', 'Well Received', 'Sonia Kapoor'),
(4, 'Women Skills Training', '2024-04-12', 'Women Empower', 'Effective', 'Anita Sharma'),
(5, 'Flood Relief Report', '2024-05-20', 'Disaster Aid', 'Emergency Response', 'Rahul Gupta'),
(6, 'Food Distribution Analysis', '2024-06-05', 'Feeding Hope', 'Successful', 'Vikram Rao'),
(7, 'STEM Fair Summary', '2024-07-10', 'Science Future', 'Educational', 'Poonam Reddy'),
(8, 'E-Learning Report', '2024-08-25', 'E-Learning', 'Growth Noted', 'Kiran Das'),
(9, 'Mental Health Awareness', '2024-09-18', 'Mental Health', 'Good Response', 'Dr. Ayesha Khan'),
(10, 'Senior Citizen Welfare', '2024-10-10', 'Senior Support', 'Needed More Funds', 'Sunita Mehta'),
(11, 'Solar Panel Installation', '2024-11-07', 'Go Solar', 'Eco-Friendly', 'Nilesh Sharma'),
(12, 'Scholarship Distribution', '2024-12-15', 'Education Fund', 'Life-Changing', 'Arun Prasad'),
(13, 'Blood Donation Camp', '2025-01-08', 'Blood Donors', 'Mass Participation', 'Dr. Kavya Nair'),
(14, 'Waste Cleanup Drive', '2025-02-22', 'Clean Streets', 'City Improvement', 'Suresh Malhotra'),
(15, 'Handicraft Training', '2025-03-10', 'Arts & Crafts', 'New Opportunities', 'Manisha Rao'),
(16, 'Coding Bootcamp', '2025-04-05', 'Coding Camp', 'Highly Engaging', 'Anil Yadav'),
(17, 'Vaccination Drive Report', '2025-05-18', 'Vaccination Drive', 'Widespread Success', 'Dr. Pallavi Roy'),
(18, 'Food Bank Impact', '2025-06-25', 'Stop Hunger', 'Helped Many', 'Naveen Kumar'),
(19, 'Orphanage Visit', '2025-07-10', 'Orphan Care', 'Emotional', 'Asha Patel'),
(20, 'Disability Support', '2025-08-02', 'Disability Aid', 'Well Managed', 'Vinod Shah'),
(21, 'Winter Clothes Drive', '2025-09-10', 'Clothes Drive', 'Great Turnout', 'Alok Sharma'),
(22, 'Plastic-Free Initiative', '2025-10-14', 'Plastic Free', 'Still Needs Work', 'Geeta Sharma'),
(23, 'Child Safety Seminar', '2025-11-08', 'Child Protection', 'Important Discussions', 'Priya Mehra'),
(24, 'Startup Workshop Report', '2025-12-05', 'Startup Guide', 'Great Ideas', 'Vishal Anand'),
(25, 'Homeless Aid Report', '2026-01-12', 'Homeless Shelter', 'Well Executed', 'Ravi Shankar'),
(26, 'Rescue Training Review', '2026-02-18', 'Disaster Prepared', 'Critical Training', 'Karthik Nambiar'),
(27, 'Fire Safety Awareness', '2026-03-10', 'Fire Safety', 'More Attention Needed', 'Suraj Goyal'),
(28, 'Youth Leadership Summit', '2026-04-20', 'Youth Leadership', 'Inspired Many', 'Sameer Kaur'),
(29, 'Women Safety Workshop', '2026-05-15', 'Women Safety', 'Highly Needed', 'Neha Bansal'),
(30, 'Save Birds Project', '2026-06-22', 'Save Birds', 'Protected Nests', 'Ajay Rathod'),
(31, 'Public Fitness Campaign', '2026-07-18', 'Fitness First', 'Boosted Awareness', 'Deepika Nair'),
(32, 'Cultural Heritage Review', '2026-08-12', 'Save Culture', 'Revival Efforts', 'Mohit Iyer'),
(33, 'Rehab Awareness Report', '2026-09-05', 'Anti-Drug', 'Helped Many', 'Jaya Mishra'),
(34, 'Water Purification Plan', '2026-10-10', 'Safe Drinking', 'Implemented Solutions', 'Harsh Joshi'),
(35, 'Emergency Blood Drive', '2026-11-15', 'Blood Bank', 'Record Donations', 'Dr. Aditi Varma'),
(36, 'Self-Defense Training', '2026-12-20', 'Women Safety', 'Empowered Participants', 'Komal Singh'),
(37, 'Cyber Awareness Session', '2027-01-22', 'IT Awareness', 'Well Received', 'Saurabh Sharma'),
(38, 'Agriculture Workshop', '2027-02-14', 'Support Farmers', 'Innovative Techniques', 'Parvati Yadav'),
(39, 'Animal Adoption Report', '2027-03-10', 'Animal Rescue', 'Increased Adoptions', 'Mithun Rao'),
(40, 'Village Road Repair', '2027-04-05', 'Better Roads', 'Work in Progress', 'Shalini Menon'),
(41, 'School Fundraiser Review', '2027-05-08', 'Bright Future', 'Target Achieved', 'Anand Jaiswal'),
(42, 'Counseling Session Report', '2027-06-10', 'Mental Wellness', 'Positive Impact', 'Aisha Sheikh'),
(43, 'Environment Awareness', '2027-07-20', 'Eco Warriors', 'Community Engaged', 'Varun Thakur'),
(44, 'Public Health Campaign', '2027-08-12', 'Healthy Society', 'Informed Many', 'Sneha Kapoor'),
(45, 'Farmer Support Review', '2027-09-05', 'Support Farmers', 'Resourceful', 'Dinesh Rao'),
(46, 'Child Labor Awareness', '2027-10-15', 'Stop Child Labor', 'Need More Action', 'Jyoti Saxena'),
(47, 'Road Safety Awareness', '2027-11-20', 'Safe Roads', 'Accidents Reduced', 'Arvind Patel'),
(48, 'Disaster Relief Efforts', '2027-12-07', 'Disaster Aid', 'Immediate Response', 'Piyush Malhotra'),
(49, 'Education Impact Report', '2028-01-10', 'Education Fund', 'Improved Literacy', 'Swati Joshi'),
(50, 'Tech for All Review', '2028-02-05', 'Tech for All', 'Bridging Gaps', 'Rohit Mehta');

select * from report;

INSERT INTO newsletter (newsletter_id, title, date_, content, sent_to) VALUES
(1, 'Monthly Update', '2024-01-10', 'January Highlights', 'All Subscribers'),
(2, 'Volunteer Spotlight', '2024-01-20', 'Top Volunteers', 'Volunteers'),
(3, 'Donation Impact', '2024-02-05', 'Helping 500 Families', 'Donors'),
(4, 'Event Recap', '2024-02-15', 'Charity Walk Success', 'General Public'),
(5, 'New Campaign', '2024-03-01', 'Tree Plantation Drive', 'All Subscribers'),
(6, 'Meet Our Team', '2024-03-12', 'Introducing New Staff', 'Volunteers'),
(7, 'Community Growth', '2024-03-25', '5 New Projects', 'All Members'),
(8, 'Success Stories', '2024-04-08', 'Beneficiaries Speak', 'Donors'),
(9, 'Upcoming Events', '2024-04-15', 'Join Our Workshop', 'All Subscribers'),
(10, 'Emergency Relief', '2024-05-01', 'Flood Relief Update', 'General Public'),
(11, 'Health Awareness', '2024-05-18', 'Free Checkup Camps', 'Beneficiaries'),
(12, 'Internship Offer', '2024-06-02', 'Join Our NGO', 'Students'),
(13, 'Summer Volunteering', '2024-06-15', 'Help The Needy', 'Volunteers'),
(14, 'Educational Drive', '2024-07-05', '100 Kids Enrolled', 'Donors'),
(15, 'Tech for Change', '2024-07-20', 'E-learning Success', 'All Subscribers'),
(16, 'Clean City Mission', '2024-08-01', 'Plastic-Free Drive', 'General Public'),
(17, 'Fundraising Appeal', '2024-08-10', 'Support Our Project', 'Donors'),
(18, 'Senior Citizens Care', '2024-09-05', 'New Home Opened', 'All Members'),
(19, 'Child Welfare', '2024-09-18', 'Rescue Mission Update', 'Donors'),
(20, 'Disaster Preparedness', '2024-10-02', 'Training Sessions', 'Volunteers'),
(21, 'Job Fair Alert', '2024-10-15', 'Opportunities Await', 'Beneficiaries'),
(22, 'Annual Report', '2024-11-05', 'Our 2024 Achievements', 'All Subscribers'),
(23, 'Winter Donation Call', '2024-11-20', 'Clothes & Food Drive', 'General Public'),
(24, 'Special Thanks', '2024-12-01', 'Gratitude to Donors', 'Donors'),
(25, 'Women Empowerment', '2024-12-18', 'New Skill Programs', 'All Members'),
(26, 'New Year Wishes', '2025-01-01', 'Looking Forward', 'All Subscribers'),
(27, 'Mental Health Talk', '2025-01-15', 'Free Counseling', 'General Public'),
(28, 'Blood Donation Camp', '2025-02-05', 'Save A Life Today', 'All Subscribers'),
(29, 'Scholarship Notice', '2025-02-20', 'Apply Now', 'Students'),
(30, 'Disability Support', '2025-03-08', 'New Initiative', 'All Members'),
(31, 'Food Bank Update', '2025-03-22', 'Serving 10K People', 'Donors'),
(32, 'Cyber Safety Alert', '2025-04-10', 'Online Safety Tips', 'General Public'),
(33, 'Orphanage Support', '2025-04-25', 'Success Stories', 'Donors'),
(34, 'Youth Leadership', '2025-05-15', 'Empowering Youth', 'Volunteers'),
(35, 'Animal Rescue News', '2025-05-30', 'Adoption Campaign', 'All Subscribers'),
(36, 'Disaster Relief', '2025-06-10', 'Cyclone Recovery', 'Donors'),
(37, 'Art for a Cause', '2025-06-25', 'Painting Fundraiser', 'General Public'),
(38, 'Solar Energy Drive', '2025-07-10', 'Renewable Energy', 'All Members'),
(39, 'School Donations', '2025-07-25', 'Books for Kids', 'Donors'),
(40, 'Self-Defense Camp', '2025-08-05', 'Women Safety Tips', 'General Public'),
(41, 'Road Safety News', '2025-08-22', 'New Traffic Rules', 'All Subscribers'),
(42, 'Water Conservation', '2025-09-10', 'Save Water Drive', 'General Public'),
(43, 'Music Therapy', '2025-09-25', 'Healing Through Music', 'All Members'),
(44, 'Save The Forests', '2025-10-12', 'Deforestation Update', 'General Public'),
(45, 'Green Earth Drive', '2025-10-28', 'Go Green Initiatives', 'All Members'),
(46, 'Public Health Alert', '2025-11-10', 'Vaccination Camp', 'General Public'),
(47, 'Recycling Campaign', '2025-11-25', 'Reduce Waste', 'All Subscribers'),
(48, 'Gala Invitation', '2025-12-05', 'Fundraising Event', 'Donors'),
(49, 'Internship Closing', '2025-12-20', 'Final Deadline', 'Students'),
(50, 'Happy Holidays', '2025-12-31', 'Season’s Greetings', 'All Subscribers');

INSERT INTO membership (membership_id, user_id, type, expiry_date, benefits) 
VALUES
(1, 101, 'Gold', '2025-01-10', 'Priority Access'),
(2, 102, 'Silver', '2025-02-15', 'Discounts'),
(3, 103, 'Platinum', '2025-03-20', 'VIP Events'),
(4, 104, 'Gold', '2025-04-05', 'Priority Access'),
(5, 105, 'Bronze', '2025-05-10', 'Basic Benefits'),
(6, 106, 'Silver', '2025-06-25', 'Discounts'),
(7, 107, 'Gold', '2025-07-30', 'Priority Access'),
(8, 108, 'Platinum', '2025-08-15', 'VIP Events'),
(9, 109, 'Silver', '2025-09-22', 'Discounts'),
(10, 110, 'Gold', '2025-10-12', 'Priority Access'),
(11, 111, 'Bronze', '2025-11-05', 'Basic Benefits'),
(12, 112, 'Platinum', '2025-12-20', 'VIP Events'),
(13, 113, 'Gold', '2026-01-25', 'Priority Access'),
(14, 114, 'Silver', '2026-02-14', 'Discounts'),
(15, 115, 'Bronze', '2026-03-30', 'Basic Benefits'),
(16, 116, 'Gold', '2026-04-18', 'Priority Access'),
(17, 117, 'Silver', '2026-05-22', 'Discounts'),
(18, 118, 'Platinum', '2026-06-11', 'VIP Events'),
(19, 119, 'Gold', '2026-07-08', 'Priority Access'),
(20, 120, 'Bronze', '2026-08-29', 'Basic Benefits'),
(21, 121, 'Silver', '2026-09-10', 'Discounts'),
(22, 122, 'Gold', '2026-10-15', 'Priority Access'),
(23, 123, 'Platinum', '2026-11-12', 'VIP Events'),
(24, 124, 'Bronze', '2026-12-05', 'Basic Benefits'),
(25, 125, 'Gold', '2027-01-18', 'Priority Access'),
(26, 126, 'Silver', '2027-02-28', 'Discounts'),
(27, 127, 'Gold', '2027-03-10', 'Priority Access'),
(28, 128, 'Platinum', '2027-04-22', 'VIP Events'),
(29, 129, 'Silver', '2027-05-14', 'Discounts'),
(30, 130, 'Gold', '2027-06-09', 'Priority Access'),
(31, 131, 'Bronze', '2027-07-25', 'Basic Benefits'),
(32, 132, 'Platinum', '2027-08-30', 'VIP Events'),
(33, 133, 'Gold', '2027-09-18', 'Priority Access'),
(34, 134, 'Silver', '2027-10-10', 'Discounts'),
(35, 135, 'Gold', '2027-11-28', 'Priority Access'),
(36, 136, 'Platinum', '2027-12-15', 'VIP Events'),
(37, 137, 'Silver', '2028-01-20', 'Discounts'),
(38, 138, 'Gold', '2028-02-08', 'Priority Access'),
(39, 139, 'Bronze', '2028-03-12', 'Basic Benefits'),
(40, 140, 'Platinum', '2028-04-19', 'VIP Events'),
(41, 141, 'Gold', '2028-05-23', 'Priority Access'),
(42, 142, 'Silver', '2028-06-30', 'Discounts'),
(43, 143, 'Gold', '2028-07-15', 'Priority Access'),
(44, 144, 'Platinum', '2028-08-22', 'VIP Events'),
(45, 145, 'Silver', '2028-09-05', 'Discounts'),
(46, 146, 'Gold', '2028-10-14', 'Priority Access'),
(47, 147, 'Bronze', '2028-11-18', 'Basic Benefits'),
(48, 148, 'Silver', '2028-12-09', 'Discounts'),
(49, 149, 'Gold', '2029-01-27', 'Priority Access'),
(50, 150, 'Platinum', '2029-02-15', 'VIP Events');

select * from membership;

INSERT INTO task (task_id, assigned_to, description, deadline, status) VALUES
(1, 'John Doe', 'Data Entry', '2024-04-10', 'Pending'),
(2, 'Alice Smith', 'Prepare Report', '2024-04-12', 'In Progress'),
(3, 'Bob Johnson', 'Event Planning', '2024-04-15', 'Completed'),
(4, 'Emma Davis', 'Update Website', '2024-04-18', 'Pending'),
(5, 'David Brown', 'Volunteer Training', '2024-04-20', 'Completed'),
(6, 'Sophia Wilson', 'Social Media Post', '2024-04-22', 'Pending'),
(7, 'James Lee', 'Budget Review', '2024-04-25', 'In Progress'),
(8, 'Olivia Martin', 'Campaign Strategy', '2024-04-27', 'Completed'),
(9, 'Michael Clark', 'Donor Outreach', '2024-04-30', 'Pending'),
(10, 'Emily Hall', 'Inventory Check', '2024-05-02', 'In Progress'),
(11, 'Daniel White', 'Staff Meeting', '2024-05-05', 'Pending'),
(12, 'Isabella Scott', 'Email Newsletter', '2024-05-08', 'Completed'),
(13, 'William Adams', 'Volunteer Scheduling', '2024-05-10', 'Pending'),
(14, 'Mia King', 'Community Survey', '2024-05-12', 'In Progress'),
(15, 'Benjamin Wright', 'Partnership Proposal', '2024-05-15', 'Completed'),
(16, 'Charlotte Turner', 'Fundraising Ideas', '2024-05-18', 'Pending'),
(17, 'Ethan Carter', 'Tech Support', '2024-05-20', 'In Progress'),
(18, 'Ava Mitchell', 'Design Posters', '2024-05-23', 'Completed'),
(19, 'Henry Rodriguez', 'Prepare Budget', '2024-05-25', 'Pending'),
(20, 'Lucas Lewis', 'Volunteer Interviews', '2024-05-28', 'In Progress'),
(21, 'Harper Walker', 'Website SEO', '2024-06-01', 'Completed'),
(22, 'Mason Young', 'Photography', '2024-06-03', 'Pending'),
(23, 'Evelyn Allen', 'Social Media Ad', '2024-06-06', 'In Progress'),
(24, 'Logan Hernandez', 'Program Evaluation', '2024-06-09', 'Completed'),
(25, 'Aria King', 'Policy Drafting', '2024-06-12', 'Pending'),
(26, 'Grayson Scott', 'Content Writing', '2024-06-15', 'In Progress'),
(27, 'Scarlett Collins', 'Outreach Calls', '2024-06-18', 'Completed'),
(28, 'Liam Baker', 'Database Management', '2024-06-21', 'Pending'),
(29, 'Zoey Perez', 'Ad Campaign', '2024-06-23', 'In Progress'),
(30, 'Nathan Wright', 'Data Analysis', '2024-06-25', 'Completed'),
(31, 'Victoria Rivera', 'Policy Review', '2024-06-28', 'Pending'),
(32, 'Dylan Morris', 'Event Logistics', '2024-07-01', 'In Progress'),
(33, 'Lily Campbell', 'Prepare Presentation', '2024-07-03', 'Completed'),
(34, 'Owen Reed', 'Donor Follow-ups', '2024-07-06', 'Pending'),
(35, 'Chloe Bennett', 'Design Brochure', '2024-07-09', 'In Progress'),
(36, 'Julian Foster', 'Client Meetings', '2024-07-12', 'Completed'),
(37, 'Stella Morgan', 'Press Release', '2024-07-15', 'Pending'),
(38, 'Levi Ross', 'Organize Supplies', '2024-07-18', 'In Progress'),
(39, 'Ellie Torres', 'Prepare Agenda', '2024-07-21', 'Completed'),
(40, 'Samuel Griffin', 'Volunteer Orientation', '2024-07-24', 'Pending'),
(41, 'Hazel Jenkins', 'Survey Analysis', '2024-07-27', 'In Progress'),
(42, 'Carter Russell', 'Write Blog Post', '2024-07-30', 'Completed'),
(43, 'Lucy Peterson', 'Marketing Strategy', '2024-08-02', 'Pending'),
(44, 'Jack Coleman', 'Create Reports', '2024-08-05', 'In Progress'),
(45, 'Penelope Howard', 'Coordinate Speakers', '2024-08-08', 'Completed'),
(46, 'Hudson Long', 'Manage Inventory', '2024-08-11', 'Pending'),
(47, 'Nora Foster', 'Plan Workshop', '2024-08-14', 'In Progress'),
(48, 'Lincoln Ramirez', 'Video Editing', '2024-08-17', 'Completed'),
(49, 'Violet Hayes', 'Conduct Interviews', '2024-08-20', 'Pending'),
(50, 'Wyatt Sanders', 'Update Guidelines', '2024-08-23', 'In Progress');
